{"cameraMode":{"drawMode":0,"name":"Shaded","section":"Shading Mode"},"sceneLighting":true,"audioPlay":false,"sceneViewState":{"m_AlwaysRefresh":false,"showFog":true,"showSkybox":true,"showFlares":true,"showImageEffects":true,"showParticleSystems":true,"showVisualEffectGraphs":true,"m_FxEnabled":true},"in2DMode":false,"pivot":{"x":0.7468464374542236,"y":5.968305587768555,"z":2.9235496520996095},"rotation":{"x":0.21734030544757844,"y":0.43752169609069826,"z":-0.10985506325960159,"w":0.8656037449836731},"size":8.273797035217286,"orthographic":true}